名称,地址,经度,纬度,电话,类型,高德POI ID,所在省,所在市,所在区
南京大学(鼓楼校区)食堂,汉口路22号南京大学鼓楼校区南园(近广州路),118.781022,32.051694,17368712592,餐饮服务;中餐厅;中餐厅,B0FFFPXK9K,江苏省,南京市,鼓楼区
南京大学鼓楼校区第二学生餐厅,汉口路22号南京大学鼓楼校区交响乐团附近,118.781121,32.051500,[],餐饮服务;中餐厅;中餐厅,B0FFFX2BQ7,江苏省,南京市,鼓楼区
南芳园风味美食苑,汉口路22号南京大学鼓楼校区南芳苑3层,118.780808,32.051371,025-83594446,餐饮服务;中餐厅;中餐厅,B0J64Z8O3J,江苏省,南京市,鼓楼区
秦二爷的椒麻鱼,中山路239号中山商务楼(小粉桥二八巷),118.783288,32.052223,[],餐饮服务;中餐厅;中餐厅,B0L2VC7TBV,江苏省,南京市,鼓楼区
鱼籽村秘制拌饭(南大店),湖南路街道广州路16号301商铺,118.781943,32.050311,18363188887,餐饮服务;中餐厅;中餐厅,B0GKJ70CQZ,江苏省,南京市,鼓楼区
茉沏(广州路店),广州路20101号(珠江路地铁站出入口步行260米),118.781506,32.050239,15051864438,餐饮服务;休闲餐饮场所;休闲餐饮场所,B0HGX90FM8,江苏省,南京市,鼓楼区
双黄蛋煎饼,南京大学鼓楼校区南园网球场西门东50米,118.781453,32.050231,13701461251,餐饮服务;餐饮相关场所;餐饮相关,B0I1GU0HMX,江苏省,南京市,鼓楼区
小粉桥猪蹄(小粉桥店),珠江路地铁1号出口巷里小粉桥3号,118.783215,32.051189,18761688309,餐饮服务;餐饮相关场所;餐饮相关,B0FFF90YYJ,江苏省,南京市,鼓楼区
绝味鸭脖(南京广州路店),广州路22-3号(珠江路地铁站出入口步行300米),118.781133,32.050193,15895982245,餐饮服务;餐饮相关场所;餐饮相关,B001911LDB,江苏省,南京市,鼓楼区
潘老板炸鸡(广州路店),广州路20-5号(珠江路地铁站出入口步行300米),118.781099,32.050190,15951988989;15996456786,餐饮服务;中餐厅;中餐厅,B0FFGG3VFJ,江苏省,南京市,鼓楼区
老南京大三元特色传统点心,广州路22号(珠江路地铁站出入口步行300米),118.781018,32.050189,13951739288,餐饮服务;糕饼店;糕饼店,B0FFFSS77H,江苏省,南京市,鼓楼区
潼记腊汁肉夹馍,广州路16号(珠江路地铁站出入口步行190米),118.782184,32.050285,18652036520,餐饮服务;快餐厅;快餐厅,B0I2NMMB3N,江苏省,南京市,鼓楼区
蜜雪冰城(南京大学店),广州路14号501室(珠江路地铁站出入口步行190米),118.782262,32.050294,13931038944,餐饮服务;冷饮店;冷饮店,B0FFG6GVQY,江苏省,南京市,鼓楼区
糯雅芳粥(南京儿童医院店),广州路24-101店铺,118.780767,32.050200,17372240072,餐饮服务;快餐厅;快餐厅,B0K6PUZEEK,江苏省,南京市,鼓楼区
麦当劳(广州路店),广州路14号,118.782306,32.050308,4008517517,餐饮服务;快餐厅;麦当劳|餐饮服务;甜品店;甜品店,B00190BT0O,江苏省,南京市,鼓楼区
浩来了烧烤,中山路223-10号,118.783362,32.051219,13913891819,餐饮服务;中餐厅;特色/地方风味餐厅,B0LA2HIVDQ,江苏省,南京市,鼓楼区
太祖军粮·现烤牛肉干(金轮峰华天地店),湖南路街道中山路223号210室,118.783525,32.051575,[],餐饮服务;餐饮相关场所;餐饮相关,B0KRSCHLIZ,江苏省,南京市,鼓楼区
烟波渔港(吉兆营店),中山路239号烟波1989,118.783575,32.052252,17761701767,餐饮服务;餐饮相关场所;餐饮相关,B0H2MU4J2U,江苏省,南京市,鼓楼区
西安特色面食(小粉桥店),广州路小粉桥1-2号(珠江路地铁站出入口步行140米),118.783252,32.050914,13951678137;17705147554,餐饮服务;中餐厅;特色/地方风味餐厅,B0FFH20Z19,江苏省,南京市,鼓楼区
南湖大碗皮肚面,南京大学鼓楼校区南园东门南160米,118.783253,32.050898,[],餐饮服务;中餐厅;中餐厅,B0KRRPQNS9,江苏省,南京市,鼓楼区
筷尚客大食堂(广州路店),广州路12-7号(珠江路地铁站出入口步行150米),118.782625,32.050335,025-58363795;13601582099,餐饮服务;中餐厅;中餐厅,B0H0DH9Z9Q,江苏省,南京市,鼓楼区
香满溢馅饼水煎包,广州路24-6号(五台山地铁站1号口步行300米),118.780541,32.050145,15811308030,餐饮服务;餐饮相关场所;餐饮相关,B0LB95W4HH,江苏省,南京市,鼓楼区
港师傅·菠萝包(南京广州路店),广州路12-103牛满捞一层,118.782694,32.050345,18665241340,餐饮服务;快餐厅;快餐厅,B0JGBLC83W,江苏省,南京市,鼓楼区
鸡鸣汤包(广州路店),汉口路9号广州路24号401B,118.780330,32.050179,19941643597,餐饮服务;快餐厅;快餐厅,B0FFGG3G47,江苏省,南京市,鼓楼区
广和生大排档(金轮峰华天地店),金轮峰华天地(珠江路地铁站出入口步行130米),118.783712,32.051590,15380987276,餐饮服务;中餐厅;中餐厅,B0KUAL23FC,江苏省,南京市,鼓楼区
宜祺发餐饮会所美食城,金轮峰华天地(珠江路地铁站出入口步行140米),118.783725,32.051625,13814043276,餐饮服务;中餐厅;中餐厅,B0JDUDEGP3,江苏省,南京市,鼓楼区
炊湘忆·湖南下饭菜(鼓楼店),金轮峰华天地(珠江路地铁站出入口步行90米),118.783725,32.051475,[],餐饮服务;中餐厅;湖南菜(湘菜),B0LRCAF4AN,江苏省,南京市,鼓楼区
董家金牌锅贴(南京大学鼓楼校区店),广州路14-5号(珠江路地铁站出入口步行130米),118.782897,32.050357,17705181388,餐饮服务;中餐厅;中餐厅,B0FFI25D44,江苏省,南京市,鼓楼区
福佬优老南京鸭血粉丝,广州路12-4号(珠江路地铁站出入口步行120米),118.782925,32.050374,13951907916,餐饮服务;中餐厅;中餐厅,B0J3213QM8,江苏省,南京市,鼓楼区
新纪元大酒店,中山路251-1号,118.783350,32.053212,025-86812108;025-86812222,住宿服务;宾馆酒店;四星级宾馆|餐饮服务;餐饮相关场所;餐饮相关,B00190BBRV,江苏省,南京市,鼓楼区
年兴发茶冰厅,广州路12-301(珠江路地铁站出入口步行120米),118.782929,32.050366,025-83687877;025-83687977,餐饮服务;休闲餐饮场所;休闲餐饮场所,B0GKJSWCMX,江苏省,南京市,鼓楼区
李记老陕家油泼面(南京中山商务楼店),中山路239号中山商务楼F1层,118.783818,32.052342,[],餐饮服务;中餐厅;中餐厅,B0I0BOH8Q4,江苏省,南京市,鼓楼区
赣味记忆.辣么好.地道江西菜,广州路12号202室(珠江路地铁站1号口步行80米),118.782971,32.050368,18005177458,餐饮服务;中餐厅;中餐厅,B0K3LAYNJN,江苏省,南京市,鼓楼区
缘中缘私房菜馆(广州路店),广州路5号君临国际广场B幢3层,118.781814,32.049899,025-51860227,餐饮服务;中餐厅;中餐厅,B0FFF5W055,江苏省,南京市,鼓楼区
沙县小吃,中山路239号中山商务楼(小粉桥二八巷),118.783851,32.052487,15105167163,餐饮服务;快餐厅;快餐厅,B001909HB9,江苏省,南京市,鼓楼区
满江红餐厅(新纪元大酒店店),中山路251-1号新纪元大酒店1楼(近地铁大厦),118.782845,32.053761,025-86812222,餐饮服务;中餐厅;中餐厅,B0FFF90YYV,江苏省,南京市,鼓楼区
永和大王(广州路),广州路5-11号,118.781825,32.049838,025-83300464,餐饮服务;中餐厅;中餐厅,B00190CZQB,江苏省,南京市,鼓楼区
饭得饱中式快餐(小粉桥店),中山路239号(珠江路地铁站3号口步行120米),118.783860,32.052574,13605168478;15062281318,餐饮服务;中餐厅;中餐厅,B0LA1R9T21,江苏省,南京市,鼓楼区
金记隆江猪脚饭,南京君临国际B座(珠江路地铁站1号口步行260米),118.781933,32.049841,[],餐饮服务;中餐厅;中餐厅,B0LGRHBX0H,江苏省,南京市,鼓楼区
肯德基(珠江路地铁店),中山路221号负一层101至106室115至119室,118.783637,32.050772,025-85601286,餐饮服务;快餐厅;肯德基,B0GRKL62GL,江苏省,南京市,鼓楼区
裕美华甜点茶铺(儿童医院店),广州路与青岛路交叉口东120米,118.779515,32.050329,[],餐饮服务;冷饮店;冷饮店,B0LGRRDSGU,江苏省,南京市,鼓楼区
乡村基(龙世中心店),中山路221龙世中心B1层,118.783675,32.050775,[],餐饮服务;快餐厅;快餐厅,B0LDFUYB8S,江苏省,南京市,鼓楼区
肯悦咖啡(珠江路地铁店),中山路221-1号龙世中心,118.783675,32.050775,[],餐饮服务;咖啡厅;咖啡厅,B0L1CO86E2,江苏省,南京市,鼓楼区
库迪咖啡(珠江路地铁1号口店),湖南路街道龙世中心,118.783675,32.050775,18248792726,餐饮服务;咖啡厅;咖啡厅,B0KU7Z3PO8,江苏省,南京市,鼓楼区
库迪咖啡(汉口路店),汉口路47-1号,118.779367,32.053539,15150674755,餐饮服务;咖啡厅;咖啡厅,B0LDDLF2CI,江苏省,南京市,鼓楼区
CoCo都可(地铁商贸店),南京地铁1号线C31商铺,118.783569,32.050631,13337839615,餐饮服务;甜品店;甜品店,B0FFJGZLEE,江苏省,南京市,鼓楼区
元味餐厅(新纪元大酒店店),新纪元大酒店东2门旁(珠江路地铁站3号口步行160米),118.783869,32.052895,025-83322666,餐饮服务;中餐厅;江苏菜,B0G3VBAW3J,江苏省,南京市,鼓楼区
luckin coffee 瑞幸咖啡(江苏科技大厦店),广州路37号江苏科技大厦,118.780056,32.049929,4000100100,餐饮服务;休闲餐饮场所;休闲餐饮场所,B0KD5YO14Q,江苏省,南京市,鼓楼区
西安特色面馆(汉口路店),汉口路47号01幢一楼,118.779220,32.053475,18114808698,餐饮服务;中餐厅;中餐厅,B0FFKPZEWC,江苏省,南京市,鼓楼区
同广鸣港式烧腊(南京大学店),汉口路47-2号,118.779262,32.053522,13305154735,餐饮服务;中餐厅;中餐厅,B0K0S55TJO,江苏省,南京市,鼓楼区
回味鸭血粉丝汤(广州路店),广州路39号一层,118.779975,32.049930,19850569957,餐饮服务;中餐厅;中餐厅,B0KUSZYAPP,江苏省,南京市,鼓楼区
鲜道寿司(珠江路店),珠江路地铁站内靠近1号口处,118.783720,32.050637,025-83211026;17361912624,餐饮服务;外国餐厅;日本料理,B0FFGM54FO,江苏省,南京市,鼓楼区
美德宝黄焖鸡米饭(汉口路小区店),汉口路47-5临街,118.779114,32.053452,13801582427;18061781699,公司企业;公司;公司|餐饮服务;餐饮相关场所;餐饮相关,B0G1SK5KAQ,江苏省,南京市,鼓楼区
阿蛮菜煎饼卷饼(南京大学店),汉口路47号-6号,118.779041,32.053444,13770721516,餐饮服务;餐饮相关场所;餐饮相关,B0J1RPI3KN,江苏省,南京市,鼓楼区
同堂韩国料理(南大店),青岛路2-14号,118.778468,32.051751,13951612449,餐饮服务;外国餐厅;韩国料理,B001909XNX,江苏省,南京市,鼓楼区
PAPOO BEER&COFFEE,青岛路2-4号(五台山地铁站1号口步行210米),118.778547,32.051274,[],餐饮服务;咖啡厅;咖啡厅,B0L03CCKF3,江苏省,南京市,鼓楼区
人全到饭店(青岛路店),青岛路2-16号(五台山地铁站1号口步行310米),118.778427,32.052156,13382793768,餐饮服务;中餐厅;特色/地方风味餐厅,B001917Q1R,江苏省,南京市,鼓楼区
家天下菜煎饼(汉口路小区店),汉口路47号南京大学好又多超市旁边,118.778960,32.053435,[],餐饮服务;餐饮相关场所;餐饮相关,B0FFIKLUUA,江苏省,南京市,鼓楼区
安家桂花汤圆(中山路店),中山路246号(珠江路地铁站3号口步行80米),118.784305,32.052284,13851814979,餐饮服务;中餐厅;中餐厅,B0K2SK0RR2,江苏省,南京市,玄武区
水西门陈家鸭子店(中山路店),地铁大厦南门北70米(珠江路地铁站3号口步行60米),118.784304,32.052377,18860848545,餐饮服务;中餐厅;中餐厅,B0LUOHJLPP,江苏省,南京市,玄武区
丹枫雨露(广州路店),广州路5号(珠江路地铁站1号口步行200米),118.782808,32.049751,025-86679002,餐饮服务;中餐厅;中餐厅|生活服务;美容美发店;美容美发店,B0FFG35QPA,江苏省,南京市,鼓楼区
金良酸菜鱼(青岛路店),青岛路31号,118.778342,32.051999,15365102217,餐饮服务;中餐厅;海鲜酒楼|餐饮服务;中餐厅;四川菜(川菜),B0FFF90YLP,江苏省,南京市,鼓楼区
小田园南京土菜,青岛路2-15号(五台山地铁站1号口步行290米),118.778342,32.052007,13813882317,餐饮服务;中餐厅;中餐厅,B0KGTH729B,江苏省,南京市,鼓楼区
Alkupera Cafe原点咖啡(汉口路小区店),汉口路47号(好运智竞馆二楼),118.778888,32.053475,15996214294;18061480170,餐饮服务;咖啡厅;咖啡厅,B0JGGSNYIE,江苏省,南京市,鼓楼区
陕老顺(汉口路店),汉口路30号,118.779105,32.053716,15924140124,餐饮服务;餐饮相关场所;餐饮相关,B0I1AZBCCD,江苏省,南京市,鼓楼区
青露包子(吉兆营店),中山路246号,118.784415,32.052311,13951824925,餐饮服务;餐饮相关场所;餐饮相关,B0FFMDO7IE,江苏省,南京市,玄武区
陈记六合猪头肉鸭血粉丝,青岛路2号小区西2门旁,118.778355,32.052525,[],餐饮服务;中餐厅;中餐厅,B0KROYLDMQ,江苏省,南京市,鼓楼区
鱼塘鲜酸菜鱼小馆(南大店),华侨路街道汉口路32号,118.778987,32.053660,18951000166,餐饮服务;中餐厅;海鲜酒楼,B0FFGO47Z7,江苏省,南京市,鼓楼区
安庆馄饨店(青岛路10号院店),青岛路8号,118.778356,32.052708,18912930685,餐饮服务;中餐厅;特色/地方风味餐厅,B0FFG87HND,江苏省,南京市,鼓楼区
晚风来信咖啡店,青岛路31号,118.778238,32.052095,15268009630,餐饮服务;咖啡厅;咖啡厅,B0K6VMUAVT,江苏省,南京市,鼓楼区
冰箱coffee shop,青岛路6-1号,118.778338,32.052664,17384489311,餐饮服务;咖啡厅;咖啡厅,B0KRJN1ZC9,江苏省,南京市,鼓楼区
王家馄饨铺(广州路店),南京地铁北1门旁(珠江路地铁站3号口步行90米),118.784506,32.052269,15950474085,餐饮服务;中餐厅;中餐厅,B0FFHZQ2CP,江苏省,南京市,玄武区
食壹咖喱(青岛路店),"青岛路6-1号(华达宾馆对面,近南京大学)",118.778339,32.052775,17721548929;17721548969,餐饮服务;中餐厅;中餐厅,B0FFJ4K1BO,江苏省,南京市,鼓楼区
宁广面馆,华侨路街道广州路39-13号,118.779408,32.049869,15951967003,餐饮服务;中餐厅;中餐厅,B0JU75P7P6,江苏省,南京市,鼓楼区
鸭得堡老鸭汤鸭血粉丝(广州路儿童医院店),广州路39-11(珠江路地铁站出入口步行480米),118.779328,32.049879,17721519081,餐饮服务;餐饮相关场所;餐饮相关,B0LBYRWE35,江苏省,南京市,鼓楼区
麦当劳(青岛路餐厅),青岛路10号青岛路10号院,118.778326,32.052889,[],餐饮服务;快餐厅;快餐厅,B0L22DZCJG,江苏省,南京市,鼓楼区
李记吊龙牛肉汤(南京大学店),汉口路36-1号,118.778807,32.053661,13675182811,餐饮服务;中餐厅;中餐厅,B0L3LMP8EQ,江苏省,南京市,鼓楼区
老王馄饨,汉口路32号,118.778807,32.053661,[],餐饮服务;中餐厅;中餐厅,B0FFK9FJ8D,江苏省,南京市,鼓楼区
石锅房石锅拌饭(南大店),汉口路32号,118.778807,32.053661,13851543821,餐饮服务;外国餐厅;韩国料理,B001912J4S,江苏省,南京市,鼓楼区
兰州拉面刀削面(汉口路店),汉口路36号,118.778811,32.053679,[],餐饮服务;中餐厅;清真菜馆,B00190B4AB,江苏省,南京市,鼓楼区
青成咖啡店(南大店),青岛路10号1栋101,118.778320,32.052935,16620034010,餐饮服务;咖啡厅;咖啡厅,B0JAPY5SCW,江苏省,南京市,鼓楼区
雅妹面菜馆(广州路店),广州路39-17号(珠江路地铁站出入口步行480米),118.779254,32.049887,13451939228,餐饮服务;中餐厅;中餐厅,B001908RFL,江苏省,南京市,鼓楼区
小飞象面包公社(珠江路金鹰店),珠江路1号金鹰商场南馆1楼(珠江路地铁站4号口旁),118.784366,32.050889,18014491349,餐饮服务;糕饼店;糕饼店,B0JKOUKXV0,江苏省,南京市,玄武区
一鸣真鲜奶吧(南京珠江路地铁站店),中山路与珠江路交叉口北40米(珠江路地铁站4号口旁),118.784375,32.050896,17361863703,餐饮服务;冷饮店;冷饮店,B0HKJZXTGN,江苏省,南京市,玄武区
鹿港美·台湾菜(珠江路金鹰店),珠江路金鹰中心北馆4层,118.784549,32.051301,025-86531957;18625158835,餐饮服务;中餐厅;中餐厅|生活服务;生活服务场所;生活服务场所,B0FFFWQRNS,江苏省,南京市,玄武区
BeanStar比星咖啡(南京玄武金鹰购物中心店),珠江路1号金鹰国际购物中心珠江路店F1层,118.784372,32.050831,17715264231,餐饮服务;咖啡厅;咖啡厅,B0LACUD4JH,江苏省,南京市,玄武区
米村拌饭(金鹰珠江路店),金鹰珠江路店北馆负一层FB202商户,118.784596,32.051409,17712917167;17745177958,餐饮服务;快餐厅;快餐厅,B0JDBSBXM1,江苏省,南京市,玄武区
老乡鸡(南京珠江路金鹰店),珠江路金鹰天地负一楼(珠江路地铁站4号口旁),118.784320,32.050730,4007661777,餐饮服务;餐饮相关场所;餐饮相关,B0FFKXVOIP,江苏省,南京市,玄武区
重庆鸡公煲(广州路店),海苑大厦北2门旁(五台山地铁站1号口步行150米),118.779062,32.049969,13390914082;15380214506,餐饮服务;中餐厅;四川菜(川菜),B0JD71D6QB,江苏省,南京市,鼓楼区
麻辣盛宴(金鹰国际购物中心店),珠江1号金鹰天地负1楼,118.784591,32.051280,025-87715513,餐饮服务;中餐厅;四川菜(川菜)|餐饮服务;休闲餐饮场所;休闲餐饮场所,B0FFJGZMW2,江苏省,南京市,玄武区
鱼酷活鱼烤鱼(南京珠江路金鹰店),珠江路1号金鹰天地购物中心3层T302商铺,118.784561,32.051136,025-88816067,餐饮服务;中餐厅;四川菜(川菜)|餐饮服务;中餐厅;海鲜酒楼|餐饮服务;休闲餐饮场所;休闲餐饮场所,B0FFIPGY3V,江苏省,南京市,玄武区
筷尚客大食堂,汉口路38号(近南京大学),118.778668,32.053664,13601586608,餐饮服务;中餐厅;中餐厅,B0KB7SLV0M,江苏省,南京市,鼓楼区
新白鹿(珠江路金鹰店),珠江路1号金鹰国际购物中心北馆4楼,118.784569,32.051130,025-88816989,餐饮服务;中餐厅;中餐厅|餐饮服务;冷饮店;冷饮店,B0FFM9WNT2,江苏省,南京市,玄武区
和府捞面(南京珠江路金鹰店),新街口街道珠江路1号金鹰珠江路店B1层AB1-00056,118.784629,32.051212,15651968350;18020146782,餐饮服务;快餐厅;快餐厅,B0FFLN9HVZ,江苏省,南京市,玄武区
慢慢早,汉口路61号,118.778448,32.053447,[],餐饮服务;中餐厅;中餐厅,B0K3XD27DJ,江苏省,南京市,鼓楼区
兰州拉面(吉兆营店),中山路248号(珠江路地铁站3号口步行210米),118.784745,32.052278,18751990095,餐饮服务;中餐厅;清真菜馆,B0FFF90QH1,江苏省,南京市,玄武区
山姐豆花,华达宾馆东门旁(五台山地铁站1号口步行400米),118.778175,32.052975,[],餐饮服务;中餐厅;中餐厅,B0LR7KGMJV,江苏省,南京市,鼓楼区
穆兰说兰州牛肉面,广州路39号(儿童医院对面),118.779052,32.049862,19514408742,餐饮服务;中餐厅;清真菜馆,B0FFFA0852,江苏省,南京市,鼓楼区
膳当家黄焖鸡米饭(汉口路店),汉口路38号,118.778613,32.053693,13851644907,餐饮服务;中餐厅;中餐厅,B0FFGMME6K,江苏省,南京市,鼓楼区
摆川饭堂,青岛路33-6号(五台山地铁站1号口步行400米),118.778183,32.053030,18115604765,餐饮服务;餐饮相关场所;餐饮相关,B0LURN3034,江苏省,南京市,鼓楼区
金佰膳(珠江路店),珠江路1号金鹰北馆F1层,118.784703,32.051333,[],餐饮服务;中餐厅;中餐厅,B0KAYO17AS,江苏省,南京市,玄武区
大鼓米线(金鹰购物中心店),珠江路1号金鹰北馆B2层,118.784718,32.051339,[],餐饮服务;中餐厅;中餐厅,B0K1X79NR9,江苏省,南京市,玄武区
jackob嘉珂舶清真餐厅(汉口路店),"汉口路61号(青岛路与汉口路交界,青岛路苏果超市对面)",118.778279,32.053271,025-86521668;13337812992,餐饮服务;外国餐厅;西餐厅(综合风味),B0FFHPR7UD,江苏省,南京市,鼓楼区
井格重庆火锅(南京珠江路金鹰店),珠江路1号金鹰北馆F3层,118.784726,32.051252,025-88816580,餐饮服务;中餐厅;火锅店,B0K62UAYXU,江苏省,南京市,玄武区
老娘舅(金鹰国际购物中心店),金鹰北馆(珠江路地铁站3号口步行120米),118.784785,32.051474,025-88816127,餐饮服务;快餐厅;快餐厅,B0FFF54OCI,江苏省,南京市,玄武区
韩师傅烤冷面&炸串,汉口路61-9号,118.778297,32.053362,13851895307;18020116428,餐饮服务;中餐厅;中餐厅,B0HAF4U1AS,江苏省,南京市,鼓楼区
单县羊肉汤,地铁大厦北2门旁(珠江路地铁站3号口步行120米),118.784826,32.052280,[],餐饮服务;中餐厅;中餐厅,B0I2PP4ZR1,江苏省,南京市,玄武区
麦吉machimachi(珠江路金鹰店),珠江路金鹰购物中心南馆B2层A01-00217号(珠江路4号地铁口),118.784573,32.050829,19941565572,餐饮服务;冷饮店;冷饮店,B0G3DR36I5,江苏省,南京市,玄武区
POETS泰狮(金鹰北馆店),珠江路1号金鹰北馆105室,118.784695,32.051106,025-88802430,餐饮服务;外国餐厅;泰国/越南菜品餐厅,B0IAMK94KV,江苏省,南京市,玄武区
煲仔皇煲仔饭(珠江路金鹰店),珠江路1号珠江路金鹰AB2层FB209号,118.784788,32.051360,17312141908,餐饮服务;餐饮相关场所;餐饮相关,B0HRPB3881,江苏省,南京市,玄武区
Manner Coffee(南京珠江路金鹰店),珠江路1号金鹰国际购物中心(珠江路店)南馆F1层,118.784504,32.050669,13003180743,餐饮服务;咖啡厅;咖啡厅,B0FFFEO46X,江苏省,南京市,玄武区
福桔家庭厨房,汉口路42号(五台山地铁站1号口步行480米),118.778479,32.053663,19961882001,餐饮服务;中餐厅;中餐厅,B0IDSXTWMI,江苏省,南京市,鼓楼区
满小西 WESTMAN(鼓楼医院店),中山路321号鼓楼医院扩楼一楼,118.783180,32.054522,15312065917,餐饮服务;餐饮相关场所;餐饮相关,B0K1ZCX3B9,江苏省,南京市,鼓楼区
茶颜悦色(南京珠江路金鹰店),珠江路地铁站4号口旁,118.784565,32.050774,17366034598,餐饮服务;冷饮店;冷饮店,B0JDT78MY4,江苏省,南京市,玄武区
潮牛座淮南牛肉汤(南大店),爱德基金会东门旁(五台山地铁站1号口步行410米),118.778245,32.053331,18168022021,餐饮服务;中餐厅;中餐厅,B0L2R9N9UY,江苏省,南京市,鼓楼区
德克士(鼓楼中山路店),中山路321号南扩楼1层9号,118.783250,32.054500,18351457437,餐饮服务;快餐厅;快餐厅,B0M6GUOEPN,江苏省,南京市,鼓楼区
茶话弄(南京金鹰珠江路店),珠江路1号金鹰珠江路购物中心南馆B1层,118.784648,32.050910,13347831945,餐饮服务;冷饮店;冷饮店,B0JRJLJJY4,江苏省,南京市,玄武区
放心油条豆浆店(吉兆营店),吉兆营52号(珠江路地铁站3号口步行130米),118.784867,32.052285,15951927802;18795964599,餐饮服务;中餐厅;中餐厅,B0FFHFCHFA,江苏省,南京市,玄武区
秀饼啊BAKERY,汉口路42号,118.778403,32.053600,13382781810,餐饮服务;糕饼店;糕饼店,B0KD271H7D,江苏省,南京市,鼓楼区
慢屋食堂,汉口路42号1层,118.778414,32.053654,18013300608,餐饮服务;中餐厅;中餐厅,B0HGX6V9T1,江苏省,南京市,鼓楼区
京和风食堂·定食寿喜锅(珠江路金鹰店),珠江路金鹰购物中心负一层AB1-00059商铺,118.784619,32.050758,13851803592;18014842625,餐饮服务;快餐厅;快餐厅,B0FFLLW2OP,江苏省,南京市,玄武区
瑞幸咖啡(珠江路金鹰店),珠江路1号金鹰国际购物中心负二层105号商铺,118.784775,32.051046,4000100100,餐饮服务;咖啡厅;咖啡厅,B0KR0HDUW2,江苏省,南京市,玄武区
面包新语,中山路与汉口路交叉口西北80米,118.783375,32.054525,[],餐饮服务;糕饼店;糕饼店,B0K3URMFOA,江苏省,南京市,鼓楼区
果燃掂·东方甜品(珠江路金鹰店),珠江路1号金鹰购物中心南馆B2层,118.784789,32.050948,025-58633602,餐饮服务;冷饮店;冷饮店,B0FFKUQ2BJ,江苏省,南京市,玄武区
Ora Coffee(珠江路金鹰店),珠江路1号101室F1028,118.784625,32.050575,13813886104,餐饮服务;咖啡厅;咖啡厅,B0LKTHW1FO,江苏省,南京市,玄武区
麦记牛奶(珠江路金鹰店),珠江路金鹰,118.784631,32.050570,13382794291,餐饮服务;甜品店;甜品店,B0LDNH088P,江苏省,南京市,玄武区
星巴克(鼓楼医院店),中山路321号鼓楼医院南扩新院区门诊大楼1层,118.782855,32.054829,025-51865029,餐饮服务;咖啡厅;星巴克咖啡,B0FFKNWT3C,江苏省,南京市,鼓楼区
魂浊·精酿宝藏小馆(汉口路店),汉口路40号1-2号,118.778529,32.053968,[],餐饮服务;餐饮相关场所;餐饮相关,B0I27GGA2C,江苏省,南京市,鼓楼区
老新隆李氏牛肉锅贴(及及广场店),珠江路2-4号及及广场-07,118.784294,32.050083,18651698588,餐饮服务;餐饮相关场所;餐饮相关,B0KUGYM3DQ,江苏省,南京市,玄武区
觅洞(及及广场店),珠江路2号及及广场2层(金鹰对面),118.784353,32.050121,13813949851,餐饮服务;中餐厅;中餐厅,B0I2RHQQ7D,江苏省,南京市,玄武区
肯德基(广州店),广州路104号,118.778164,32.050388,025-86632902,餐饮服务;快餐厅;肯德基,B00190B49T,江苏省,南京市,鼓楼区
陇上秦轩(金鹰购物中心金鹰南馆店),珠江路1号金鹰国际购物中心(珠江路店)南馆B1层,118.784747,32.050676,18020125987,餐饮服务;中餐厅;中餐厅,B0I2P62TOO,江苏省,南京市,玄武区
鸭得堡老鸭汤鸭血粉丝(南京鼓楼医院店),天津路与汉口路交叉口北100米,118.783043,32.054800,[],餐饮服务;中餐厅;中餐厅,B0KUSXVCYD,江苏省,南京市,鼓楼区
春水塘土菜馆(汉口路店),汉口路40-5号,118.778509,32.054006,025-58075395;13770550241;18260411172,餐饮服务;中餐厅;中餐厅,B00190Z8DG,江苏省,南京市,鼓楼区
牛二牛蘭州牛肉面,新街口街道珠江路2-4号及及广场-05,118.784283,32.049971,[],餐饮服务;中餐厅;清真菜馆,B0LRJAGVCX,江苏省,南京市,玄武区
贵州米线(吉兆花园店),唱经楼西街7号吉兆花园,118.785110,32.052331,15151884883,餐饮服务;中餐厅;中餐厅,B0I2G7G8MD,江苏省,南京市,玄武区
七侍SEVENTOR(金鹰北馆店),金鹰北馆(珠江路地铁站出入口步行180米),118.785036,32.051204,025-88816976,餐饮服务;中餐厅;中餐厅,B0IKJA4MFP,江苏省,南京市,玄武区
肯悦咖啡广州路店,广州路104号,118.778061,32.050381,025-83241985,餐饮服务;咖啡厅;咖啡厅,B0KU3BF91F,江苏省,南京市,鼓楼区
小飞烤冷面(汉口路73号小区店),[],118.778103,32.053672,13675147518;18652013125,餐饮服务;餐饮相关场所;餐饮相关,B0J0UC68WW,江苏省,南京市,鼓楼区
卿黛一人食,及及广场一楼卿黛一人食,118.784285,32.049872,[],餐饮服务;中餐厅;中餐厅,B0L2AS1Z54,江苏省,南京市,玄武区
酸奶罐罐(南京玄武金鹰珠江路店),珠江路1号,118.785037,32.050907,15366192060,餐饮服务;冷饮店;冷饮店,B0FFGWQPL1,江苏省,南京市,玄武区
茶颜悦色(及及广场店),及及广场(珠江路地铁站4号口步行110米),118.784550,32.050094,[],餐饮服务;餐饮相关场所;餐饮相关,B0K3NUQDZP,江苏省,南京市,玄武区
三猫黑鱼花(南大店),珠江路2-4号及及广场二楼,118.784423,32.049947,18021537138,餐饮服务;中餐厅;海鲜酒楼,B0I1VMWM1T,江苏省,南京市,玄武区
水西门鸭子店(汉口路73号小区店),汉口路73号汉口路73号小区,118.778087,32.053811,18552269798,餐饮服务;餐饮相关场所;餐饮相关,B0IGMD4VA0,江苏省,南京市,鼓楼区
宝珠奶酪(金鹰购物中心店),珠江路金鹰南区一楼(珠江路地铁站出入口旁),118.784965,32.050654,18851121084,餐饮服务;冷饮店;冷饮店,B0H0T7OJOQ,江苏省,南京市,玄武区
沙县小吃(南大店),汉口路40-7号,118.778214,32.053989,18752023233;19941534156,餐饮服务;中餐厅;特色/地方风味餐厅,B00190B9YO,江苏省,南京市,鼓楼区
凡几咖啡(汉口路店),汉口路40-8号,118.778238,32.054039,17361976950,餐饮服务;咖啡厅;咖啡厅,B0FFHJLZAV,江苏省,南京市,鼓楼区
蟹员外蟹黄面(珠江路店),珠江路2号及及广场1层,118.784641,32.050090,13655160908;17312238797,餐饮服务;中餐厅;中餐厅,B0HKXDS3YR,江苏省,南京市,玄武区
陈大红盐城鸡蛋饼(吉兆营店),唱经楼西街7号吉兆花园,118.785315,32.052321,[],餐饮服务;餐饮相关场所;餐饮相关,B0L1KCULGH,江苏省,南京市,玄武区
三两三川渝冒肚(玄武店),中山路210号,118.784317,32.049694,18951930086,餐饮服务;中餐厅;中餐厅,B0JKDH2FKZ,江苏省,南京市,玄武区
三两三川渝冒肚(玄武店),中山路210号,118.784317,32.049694,18951930086,餐饮服务;中餐厅;中餐厅,B0JKDH2FKZ,江苏省,南京市,玄武区
Tims天好咖啡(鼓楼医院店),中山路321号鼓楼医院1F,118.783034,32.055085,025-86601330,餐饮服务;咖啡厅;咖啡厅,B0J1954REV,江苏省,南京市,鼓楼区
翠香阁潮州菜馆(珠江路店),中山路200号中山大厦1层,118.784320,32.049627,025-83603038;025-83603108;13913936998,餐饮服务;中餐厅;潮州菜,B001905FZT,江苏省,南京市,玄武区
金麦笼大包坊(汉口路店),汉口路48-1号东单元102室,118.778042,32.053993,13611595941;15996222776,餐饮服务;餐饮相关场所;餐饮相关,B001911LER,江苏省,南京市,鼓楼区
喜茶(南京金鹰珠江路店),珠江路1号金鹰购物中心F1037号商铺,118.785051,32.050443,025-86715535,餐饮服务;冷饮店;冷饮店,B0G3DR4CB1,江苏省,南京市,玄武区
三娃西安特色面馆(吉兆花园店),吉兆营吉兆花园8栋109室(吉兆营清真寺对面),118.785468,32.052324,13770327304,餐饮服务;中餐厅;特色/地方风味餐厅,B0FFGCB4FO,江苏省,南京市,玄武区
冷饮批发(豆菜桥22-1号院店),豆菜桥与干河沿前街,118.779631,32.048810,13813870084,餐饮服务;冷饮店;冷饮店|购物服务;购物相关场所;购物相关场所,B0FFH2IWC2,江苏省,南京市,鼓楼区
东和水吧(吉兆营店),唱经楼西街7号吉兆花园,118.785516,32.052322,[],餐饮服务;冷饮店;冷饮店,B0FFGZP9TM,江苏省,南京市,玄武区
宜宾燃面(青岛路店),名人花园南2门旁,118.777906,32.053993,13072527682,餐饮服务;中餐厅;中餐厅,B0LBFHXHKA,江苏省,南京市,鼓楼区
好利来(珠江路金鹰店),珠江路1号金鹰购物中心店一层A01-00324铺位,118.785143,32.050424,025-86600689,餐饮服务;糕饼店;糕饼店,B0H0K6HRYK,江苏省,南京市,玄武区
麦当劳(南京中山餐厅),珠江路4号南京中山大厦1层,118.784969,32.050064,025-83359770;4008517517,餐饮服务;快餐厅;麦当劳,B00190ABIQ,江苏省,南京市,玄武区
老娘舅(南京珠江路金鹰天地店),珠江路金鹰天地地下2层,118.784338,32.049394,025-88816127,餐饮服务;中餐厅;中餐厅,B0FFH71U8B,江苏省,南京市,玄武区
Costa Coffee(南京珠江路金鹰店),珠江路1号金鹰天地1楼(近同仁街),118.785437,32.050649,025-83627097,餐饮服务;咖啡厅;咖啡厅,B001911PTV,江苏省,南京市,玄武区
哈欠咖啡YAWN COFFEE(南大店),汉口路48-1号101室,118.777716,32.054026,17384435778,餐饮服务;咖啡厅;咖啡厅,B0FFHLTXED,江苏省,南京市,鼓楼区
中山大厦熟食外卖,中山路200号中山大厦入口西侧(近地铁珠江路站),118.785115,32.050070,025-83361888,餐饮服务;中餐厅;中餐厅,B0019135L0,江苏省,南京市,玄武区
港师傅·菠萝包(南京丹凤街店),唱经楼西街7号105室,118.785723,32.052664,18665241340,餐饮服务;快餐厅;快餐厅,B0I27MMQZD,江苏省,南京市,玄武区
皆道拌麻辣烫(吉兆花园店),丹凤街吉兆花园9-3号,118.785811,32.052454,15722927830,餐饮服务;快餐厅;快餐厅,B0FFKGF1KY,江苏省,南京市,玄武区
FLYING FISH COFFEE飞鱼咖啡,同仁西街16-11号(饮渡杂货铺旁),118.785910,32.051548,13776411393,餐饮服务;咖啡厅;咖啡厅,B0GKXHFQU4,江苏省,南京市,玄武区
天源鸭血粉丝汤(广州路店),广州路13213号,118.777184,32.050370,13701473046,餐饮服务;中餐厅;中餐厅,B0FFF8PFUR,江苏省,南京市,鼓楼区
大脸鸡排(新世界百货珠江路创业大街店),珠江路4-1号(珠江路地铁站4号口步行210米),118.785367,32.050061,17798552911,餐饮服务;餐饮相关场所;餐饮相关,B001911R0T,江苏省,南京市,玄武区
兰州拉麺,同仁小学西门南50米(珠江路地铁站3号口步行220米),118.785936,32.051470,19852839293,餐饮服务;中餐厅;清真菜馆,B0LAHDH6P7,江苏省,南京市,玄武区
桂皖小吃,同仁西街16-6号(珠江路地铁站3号口步行220米),118.785951,32.051560,15380843252,餐饮服务;中餐厅;中餐厅,B0KG0ZENPW,江苏省,南京市,玄武区
秀芳早点(都司巷店),吉兆营7号(珠江路地铁站3号口步行230米),118.785978,32.052343,13105474833,餐饮服务;快餐厅;快餐厅,B0FFMCL48H,江苏省,南京市,玄武区
韵味居湘菜馆(新世界百货珠江路创业大街店),新街口街道同仁西街16-1号(金鹰天地后),118.785928,32.051302,025-83216579,餐饮服务;中餐厅;湖南菜(湘菜),B00190CZDS,江苏省,南京市,玄武区
凡几COFFEE(同仁西街店),同仁西街16-9号(珠江路地铁站3号口步行260米),118.785978,32.051500,18852022395,餐饮服务;餐饮相关场所;餐饮相关,B0JG6MIJLM,江苏省,南京市,玄武区
凡几COFFEE(同仁西街店),同仁西街16-9号(珠江路地铁站3号口步行260米),118.785978,32.051500,18852022395,餐饮服务;餐饮相关场所;餐饮相关,B0JG6MIJLM,江苏省,南京市,玄武区
老头盖浇饭(珠江路店),同仁西街16一7号(珠江路地铁站3号口步行220米),118.785986,32.051469,025-57718177;13912995185;18112936182,餐饮服务;中餐厅;中餐厅,B00190ZHP8,江苏省,南京市,玄武区
冉姐家藕粉八宝粥冰粉,珠江路6号(中山大厦旁边),118.785419,32.050017,18589710095,餐饮服务;中餐厅;中餐厅,B0J6PDUFD1,江苏省,南京市,玄武区
老地方菜馆,同仁西街16号-4(珠江路地铁站3号口步行220米),118.785990,32.051416,18625171868,餐饮服务;中餐厅;中餐厅,B001909HCG,江苏省,南京市,玄武区
张府园大碗面(中山大厦),珠江路6号(珠江路地铁站1号口步行200米),118.785475,32.050025,13709439275,餐饮服务;餐饮相关场所;餐饮相关,B0LBZMOG8J,江苏省,南京市,玄武区
安庆馄饨凡华小吃(豆菜桥4号小区店),豆菜桥4号豆菜桥4号小区,118.779945,32.048163,13399550997;13611576389,餐饮服务;中餐厅;中餐厅,B001912FQ3,江苏省,南京市,鼓楼区
鸭血粉丝汤,中山路246号(珠江路地铁站3号口步行240米),118.786080,32.052331,18851694058,餐饮服务;中餐厅;中餐厅,B0H1CL5D2P,江苏省,南京市,玄武区
老马炸串(吉兆花园店),唱经楼西街7号吉兆花园,118.786118,32.052344,[],餐饮服务;餐饮相关场所;餐饮相关,B0JARX0KQM,江苏省,南京市,玄武区
大米先生(珠江路店),珠江路10-12号,118.785540,32.050019,17323893287,餐饮服务;快餐厅;快餐厅,B0L30AKFU1,江苏省,南京市,玄武区
舔指龙虾(广州路店),广州路与青岛路交叉口西120米,118.776966,32.050405,13022599531,餐饮服务;中餐厅;海鲜酒楼,B0JU1XRUY6,江苏省,南京市,鼓楼区
哈尔滨水饺(吉兆花园店),唱经楼西街7号吉兆花园,118.786129,32.052312,15380423789,餐饮服务;中餐厅;中餐厅,B0FFM13ZYY,江苏省,南京市,玄武区
鸭得堡老鸭汤鸭血粉丝(羲和广场店),新街口街道中山路288号28羲和商业广场,118.785225,32.054375,13057600171,餐饮服务;餐饮相关场所;餐饮相关,B0K30YORKT,江苏省,南京市,玄武区
独一味·齐齐哈尔烤肉(羲和广场店),珠江路地铁站3号口步行360米,118.785175,32.054440,17368483377,餐饮服务;中餐厅;中餐厅,B0K3N1NBQS,江苏省,南京市,玄武区
玛马艾·咖喱饭&糖水,汉口路75号,118.777185,32.053960,13951994429,餐饮服务;餐饮相关场所;餐饮相关,B0LD67EUSY,江苏省,南京市,鼓楼区
箪食记(汉口路店),汉口路75-2号,118.777185,32.053960,13951883009;15651837225,餐饮服务;中餐厅;中餐厅,B0FFJ4JSZC,江苏省,南京市,鼓楼区
福·烧鸟酒场(陶谷新村店),陶谷新村与平仓巷交叉口西100米,118.777175,32.053960,18351838364,餐饮服务;外国餐厅;日本料理,B0J2MCYRQ7,江苏省,南京市,鼓楼区
豆菜桥面条店(豆菜桥店),豆菜桥4-8号,118.780144,32.048035,13914754043,餐饮服务;中餐厅;中餐厅,B00190B5EA,江苏省,南京市,鼓楼区
金友记牛肉锅贴店(豆菜桥店),华侨路街道豆菜桥4号,118.780030,32.048059,13814027699,餐饮服务;中餐厅;清真菜馆,B0L2USDWYH,江苏省,南京市,鼓楼区
金友记特色凉皮凉面,豆菜桥4号,118.780030,32.048059,13814027699,餐饮服务;中餐厅;中餐厅,B001909HHK,江苏省,南京市,鼓楼区
水西门鸭子店(干河沿前街店),豆菜桥4-8号,118.780116,32.048038,13951733831,餐饮服务;餐饮相关场所;餐饮相关,B0FFFA08R4,江苏省,南京市,鼓楼区
粥世佳(丹凤街店),丹凤街吉兆花园4号105,118.786207,32.052334,15651713184;18795964166,餐饮服务;餐饮相关场所;餐饮相关,B0I16HWUEE,江苏省,南京市,玄武区
小苏州(珠江路店),同仁西街与珠江路交叉口西南20米,118.785625,32.049975,025-52777798,餐饮服务;中餐厅;中餐厅,B0LKJL2HCD,江苏省,南京市,玄武区
南台香饭堂(羲和商业广场店),中山路286号(近漫咖啡和酵墅),118.785477,32.054273,15305179579,餐饮服务;中餐厅;中餐厅,B0JRDSQHJT,江苏省,南京市,玄武区
十里徐记衢州鸭头(丹凤街店),吉兆花园4号楼102室,118.786287,32.052312,18651642720,餐饮服务;餐饮相关场所;餐饮相关,B0KDH7FRTD,江苏省,南京市,玄武区
新睿小馆(豆菜桥小区店),华侨路豆菜桥17-1号,118.780206,32.047884,13182899097,餐饮服务;中餐厅;江苏菜,B0FFLM6KRK,江苏省,南京市,鼓楼区
